,FakeCustomerID,THE_YEAR,VOLUME,CATEGORY
0,100771,2019,1816,Small
1,100771,2020,1789,Small
2,102180,2019,5222,Small
3,102180,2020,4817,Small
4,102643,2019,2670,Small
5,102643,2020,1703,Small
6,102750,2019,1013,Small
7,102750,2020,405,Lesser than 1K
8,103308,2019,90140,Medium
9,103308,2020,103700,Medium
10,103862,2019,2232,Small
11,103862,2020,7079,Small
12,104216,2019,1941,Small
13,104216,2020,1543,Small
14,104298,2019,141105,Medium
15,104298,2020,88126,Medium
16,105129,2019,1313,Small
17,105129,2020,730,Lesser than 1K
18,105157,2019,1750,Small
19,105157,2020,3387,Small
20,105679,2019,11153,Medium
21,105679,2020,13673,Medium
22,105732,2019,4583,Small
23,105732,2020,9360,Small
24,105833,2019,1939,Small
25,105833,2020,3320,Small
26,107034,2019,24674,Medium
27,107034,2020,10005,Medium
28,108454,2019,1311,Small
29,108454,2020,1958,Small
30,109196,2019,1091,Small
31,109196,2020,1411,Small
32,109209,2019,2010,Small
33,109209,2020,7294,Small
34,109422,2019,1817,Small
35,109422,2020,1940,Small
36,109930,2019,7028,Small
37,109930,2020,14712,Medium
38,110804,2019,11369,Medium
39,110804,2020,10115,Medium
40,111250,2019,1421,Small
41,111250,2020,1873,Small
42,112215,2019,42919,Medium
43,112215,2020,23224,Medium
44,113454,2019,2388,Small
45,113454,2020,3144,Small
46,114555,2019,8113,Small
47,114555,2020,7489,Small
48,114564,2019,14676,Medium
49,114564,2020,16928,Medium
50,114771,2019,14661,Medium
51,114771,2020,13906,Medium
52,115266,2019,156807,Medium
53,115266,2020,473879,Large
54,115586,2019,2579,Small
55,115586,2020,4970,Small
56,116126,2019,7048,Small
57,116126,2020,15,Lesser than 1K
58,117163,2019,3426,Small
59,117163,2020,3555,Small
60,117899,2019,202098,Large
61,117899,2020,271096,Large
62,118720,2019,1337,Small
63,118720,2020,4984,Small
64,119154,2019,1544,Small
65,119154,2020,2534,Small
66,119366,2019,5573,Small
67,119366,2020,8667,Small
68,119726,2019,3996,Small
69,119726,2020,19220,Medium
70,120030,2019,2770,Small
71,120030,2020,3098,Small
72,120264,2019,2091,Small
73,120264,2020,4825,Small
74,121299,2019,4019,Small
75,121299,2020,279,Lesser than 1K
76,123806,2019,8631483,Enterprise
77,123806,2020,15462363,Enterprise
78,123901,2019,1189,Small
79,123901,2020,3004,Small
80,124898,2019,1032,Small
81,124898,2020,567,Lesser than 1K
82,126917,2019,1268,Small
83,126917,2020,738,Lesser than 1K
84,127658,2019,49782,Medium
85,127658,2020,106253,Medium
86,129828,2019,3440,Small
87,129828,2020,3958,Small
88,130603,2019,177884,Medium
89,130603,2020,337432,Large
90,132789,2019,11200,Medium
91,132789,2020,11069,Medium
92,133004,2019,29638,Medium
93,133004,2020,71968,Medium
94,134260,2019,1471,Small
95,134260,2020,2224,Small
96,134688,2019,1744,Small
97,134688,2020,1235,Small
98,135565,2019,4120,Small
99,135565,2020,14785,Medium
100,137245,2019,3320,Small
101,137245,2020,3571,Small
102,137550,2019,3916,Small
103,137550,2020,4943,Small
104,137580,2019,3694,Small
105,137580,2020,1549,Small
106,137770,2019,5482,Small
107,137770,2020,13238,Medium
108,139056,2019,3542,Small
109,139056,2020,3186,Small
110,139932,2019,5786,Small
111,139932,2020,5329,Small
112,140137,2019,2861,Small
113,140137,2020,3400,Small
114,141285,2019,8065,Small
115,141285,2020,11521,Medium
116,142244,2019,1865,Small
117,142244,2020,5209,Small
118,142426,2019,1596,Small
119,142426,2020,2471,Small
120,142553,2019,1177,Small
121,142553,2020,1948,Small
122,144127,2019,4198,Small
123,144127,2020,16095,Medium
124,145203,2019,1212,Small
125,145203,2020,1156,Small
126,145719,2019,1411,Small
127,145719,2020,368,Lesser than 1K
128,146899,2019,4508,Small
129,146899,2020,5171,Small
130,150644,2019,10417,Medium
131,150644,2020,13218,Medium
132,151144,2019,1213,Small
133,151144,2020,1663,Small
134,152878,2019,2404,Small
135,152878,2020,16686,Medium
136,155075,2019,2672,Small
137,155075,2020,2974,Small
138,155390,2019,1262,Small
139,155390,2020,1277,Small
140,156163,2019,2622,Small
141,156163,2020,4338,Small
142,156924,2019,2460,Small
143,156924,2020,1833,Small
144,157701,2019,1081,Small
145,157701,2020,4509,Small
146,158330,2019,2339,Small
147,158330,2020,1406,Small
148,159364,2019,4427,Small
149,159364,2020,5372,Small
150,159874,2019,4467,Small
151,159874,2020,3896,Small
152,162466,2019,11124,Medium
153,162466,2020,30475,Medium
154,162615,2019,1208,Small
155,162615,2020,1843,Small
156,163057,2019,3043,Small
157,163057,2020,4614,Small
158,164377,2019,157262,Medium
159,164377,2020,32512,Medium
160,165730,2019,1473,Small
161,165730,2020,538,Lesser than 1K
162,166091,2019,5045,Small
163,166091,2020,4877,Small
164,167795,2019,1174,Small
165,167795,2020,1794,Small
166,168399,2019,1340,Small
167,168399,2020,1753,Small
168,169214,2019,1469,Small
169,169214,2020,542,Lesser than 1K
170,169868,2019,15812,Medium
171,169868,2020,19676,Medium
172,171458,2019,8116,Small
173,171458,2020,19883,Medium
174,172282,2019,2594,Small
175,172282,2020,2170,Small
176,174770,2019,1637,Small
177,174770,2020,2580,Small
178,175233,2019,6011,Small
179,175233,2020,3943,Small
180,176306,2019,4340,Small
181,176306,2020,7368,Small
182,177272,2019,1657,Small
183,177272,2020,2874,Small
184,177318,2019,39090,Medium
185,177318,2020,16641,Medium
186,178060,2019,1117,Small
187,178060,2020,1324,Small
188,178432,2019,6986,Small
189,178432,2020,12380,Medium
190,178731,2019,11562,Medium
191,178731,2020,12989,Medium
192,178797,2019,2401,Small
193,178797,2020,2356,Small
194,178835,2019,89884,Medium
195,178835,2020,126660,Medium
196,179544,2019,3237,Small
197,179544,2020,4971,Small
198,179838,2019,6090,Small
199,179838,2020,1195,Small
200,180567,2019,1776,Small
201,180567,2020,4128,Small
202,182784,2019,4128,Small
203,182784,2020,2516,Small
204,183231,2019,4715,Small
205,183231,2020,2499,Small
206,186819,2019,36793,Medium
207,186819,2020,21238,Medium
208,187319,2019,1298,Small
209,187319,2020,2251,Small
210,188073,2019,2273,Small
211,188073,2020,8896,Small
212,188225,2019,3734,Small
213,188225,2020,3227,Small
214,188238,2019,35421,Medium
215,188238,2020,46216,Medium
216,188710,2019,2231,Small
217,188710,2020,1553,Small
218,189658,2019,2167,Small
219,189658,2020,6563,Small
220,190124,2019,1201,Small
221,190124,2020,3316,Small
222,190135,2019,2874,Small
223,190135,2020,2216,Small
224,190192,2019,2081,Small
225,190192,2020,14160,Medium
226,190745,2019,1118,Small
227,190745,2020,1719,Small
228,192167,2019,13327,Medium
229,192167,2020,21849,Medium
230,192536,2019,1248,Small
231,192536,2020,2216,Small
232,193702,2019,1539,Small
233,193702,2020,2255,Small
234,194577,2019,3228,Small
235,194577,2020,6380,Small
236,195237,2019,4658,Small
237,195237,2020,3287,Small
238,196254,2019,14013,Medium
239,196254,2020,8644,Small
240,196632,2019,2537,Small
241,196632,2020,2476,Small
242,196781,2019,2095,Small
243,196781,2020,1,Lesser than 1K
244,196835,2019,118724,Medium
245,196835,2020,270463,Large
246,198080,2019,4933,Small
247,198080,2020,918,Lesser than 1K
248,198502,2019,3088,Small
249,198502,2020,2368,Small
250,199653,2019,5487,Small
251,199653,2020,7455,Small
252,199718,2019,2890,Small
253,199718,2020,2528,Small
254,201196,2019,13007,Medium
255,201196,2020,42048,Medium
256,202573,2019,4959,Small
257,202573,2020,5243,Small
258,203090,2019,5734,Small
259,203090,2020,19394,Medium
260,205223,2019,5667,Small
261,205223,2020,2796,Small
262,205943,2019,17266,Medium
263,205943,2020,31428,Medium
264,206155,2019,19865,Medium
265,206155,2020,16732,Medium
266,207157,2019,2635,Small
267,209054,2019,3342,Small
268,209054,2020,2933,Small
269,209479,2019,1436,Small
270,209479,2020,1186,Small
271,209666,2019,1553,Small
272,209666,2020,723,Lesser than 1K
273,210017,2019,1170,Small
274,210017,2020,283,Lesser than 1K
275,210626,2019,3130,Small
276,210626,2020,2279,Small
277,210645,2019,6132,Small
278,210645,2020,9205,Small
279,211598,2019,179733,Medium
280,211598,2020,218770,Large
281,212169,2019,1113,Small
282,212169,2020,811,Lesser than 1K
283,212354,2019,2674,Small
284,212354,2020,6456,Small
285,213947,2019,2250,Small
286,213947,2020,1803,Small
287,215836,2019,327877,Large
288,215836,2020,361397,Large
289,216220,2019,72373,Medium
290,216220,2020,50625,Medium
291,218010,2019,1377,Small
292,218010,2020,968,Lesser than 1K
293,218279,2019,2736,Small
294,218279,2020,7869,Small
295,219114,2019,4326,Small
296,219114,2020,6003,Small
297,219797,2019,1536,Small
298,219797,2020,1181,Small
299,220475,2019,5468,Small
300,220475,2020,39426,Medium
301,221605,2019,25023,Medium
302,221605,2020,14534,Medium
303,221914,2019,1590,Small
304,221914,2020,15786,Medium
305,222053,2019,4803,Small
306,222053,2020,7688,Small
307,224690,2019,27592,Medium
308,224690,2020,8514,Small
309,226167,2019,1052,Small
310,226167,2020,991,Lesser than 1K
311,226250,2019,101598,Medium
312,226250,2020,80734,Medium
313,226492,2019,4664,Small
314,226492,2020,8075,Small
315,227440,2019,3762,Small
316,227440,2020,14798,Medium
317,228893,2019,4369,Small
318,228893,2020,96,Lesser than 1K
319,229592,2019,3278,Small
320,229592,2020,5925,Small
321,230420,2019,2448,Small
322,230420,2020,1232,Small
323,231110,2019,5497,Small
324,231110,2020,7151,Small
325,231140,2019,2963,Small
326,231140,2020,8826,Small
327,231960,2019,1437,Small
328,231960,2020,2527,Small
329,233847,2019,8421,Small
330,233847,2020,13123,Medium
331,234106,2019,50281,Medium
332,234106,2020,86677,Medium
333,236105,2019,1064,Small
334,236105,2020,1129,Small
335,236198,2019,1189,Small
336,236198,2020,1395,Small
337,236400,2019,2096,Small
338,236400,2020,3598,Small
339,237353,2019,1686,Small
340,237353,2020,1078,Small
341,238525,2019,1186,Small
342,238525,2020,4285,Small
343,239088,2019,4019,Small
344,239088,2020,4763,Small
345,239408,2019,1243,Small
346,239408,2020,3481,Small
347,241661,2019,2148,Small
348,241661,2020,2756,Small
349,244064,2019,1571,Small
350,244064,2020,1886,Small
351,244211,2019,16327,Medium
352,244211,2020,37427,Medium
353,246102,2019,2259,Small
354,246102,2020,2801,Small
355,247444,2019,1961,Small
356,247444,2020,1771,Small
357,247714,2019,2134,Small
358,247714,2020,6515,Small
359,248512,2019,14090,Medium
360,248512,2020,21455,Medium
361,248762,2019,1421,Small
362,248762,2020,1695,Small
363,248876,2019,2684,Small
364,248876,2020,4970,Small
365,249743,2019,10301,Medium
366,249743,2020,7431,Small
367,250740,2019,4291,Small
368,250740,2020,3944,Small
369,253015,2019,1799,Small
370,253015,2020,4064,Small
371,253678,2019,11548,Medium
372,253678,2020,9811,Small
373,255704,2019,1090,Small
374,255704,2020,15479,Medium
375,256304,2019,5529,Small
376,256304,2020,6126,Small
377,256717,2019,6725,Small
378,256717,2020,9396,Small
379,257959,2019,1214,Small
380,257959,2020,2693,Small
381,258831,2019,1865,Small
382,258831,2020,1884,Small
383,259195,2019,29781,Medium
384,259195,2020,80318,Medium
385,259662,2019,2330,Small
386,259662,2020,4475,Small
387,261165,2019,1167,Small
388,261165,2020,1038,Small
389,261943,2019,164152,Medium
390,261943,2020,166400,Medium
391,262253,2019,1789,Small
392,262253,2020,419,Lesser than 1K
393,262597,2019,6034,Small
394,262597,2020,4512,Small
395,262774,2019,8013,Small
396,262774,2020,16923,Medium
397,263278,2019,1726,Small
398,263278,2020,2123,Small
399,265348,2019,1123,Small
400,265348,2020,1072,Small
401,265854,2019,1745,Small
402,265854,2020,4475,Small
403,265982,2019,2511,Small
404,265982,2020,9428,Small
405,266431,2019,2022,Small
406,266431,2020,2826,Small
407,268573,2019,7319,Small
408,268573,2020,8483,Small
409,268720,2019,1362,Small
410,268720,2020,10908,Medium
411,268956,2019,1578,Small
412,268956,2020,969,Lesser than 1K
413,269264,2019,1388,Small
414,269264,2020,1006,Small
415,269782,2019,8269,Small
416,269782,2020,17287,Medium
417,271386,2019,19533,Medium
418,271386,2020,15045,Medium
419,272862,2019,2098,Small
420,272862,2020,2127,Small
421,274076,2019,81326,Medium
422,274076,2020,3606,Small
423,274367,2019,2376,Small
424,274367,2020,2670,Small
425,274639,2019,1529,Small
426,274639,2020,2792,Small
427,274709,2019,4431,Small
428,274709,2020,5011,Small
429,274950,2019,2368,Small
430,274950,2020,3776,Small
431,275242,2019,232684,Large
432,275242,2020,493890,Large
433,276210,2019,6572,Small
434,276210,2020,10101,Medium
435,278049,2019,2711,Small
436,278049,2020,3748,Small
437,278428,2019,1564,Small
438,278428,2020,332,Lesser than 1K
439,279237,2019,2193,Small
440,279237,2020,4327,Small
441,279814,2019,1449,Small
442,279814,2020,3462,Small
443,280243,2019,3457,Small
444,280243,2020,2276,Small
445,281391,2019,26685,Medium
446,281391,2020,3251,Small
447,281486,2019,1266,Small
448,281486,2020,529,Lesser than 1K
449,281659,2019,1254,Small
450,281659,2020,61,Lesser than 1K
451,282854,2019,2077,Small
452,282854,2020,676,Lesser than 1K
453,284087,2019,6201,Small
454,284087,2020,8662,Small
455,284276,2019,1293,Small
456,284276,2020,5030,Small
457,285459,2019,13175,Medium
458,285459,2020,9016,Small
459,285591,2019,251320,Large
460,285591,2020,456832,Large
461,285685,2019,1128,Small
462,285685,2020,873,Lesser than 1K
463,287017,2019,15199,Medium
464,287017,2020,24404,Medium
465,288241,2019,2289,Small
466,288241,2020,7037,Small
467,289215,2019,1410,Small
468,289215,2020,923,Lesser than 1K
469,291584,2019,1056,Small
470,291584,2020,364,Lesser than 1K
471,291647,2019,22277,Medium
472,291647,2020,3814,Small
473,292545,2019,2204,Small
474,292545,2020,1665,Small
475,292640,2019,3372,Small
476,292640,2020,5803,Small
477,294213,2019,1997,Small
478,294213,2020,3330,Small
479,295997,2019,5606,Small
480,295997,2020,7391,Small
481,296519,2019,2651,Small
482,296519,2020,1314,Small
483,297146,2019,7644,Small
484,297146,2020,11028,Medium
485,298042,2019,3205,Small
486,298042,2020,5445,Small
487,298252,2019,1138,Small
488,298252,2020,3011,Small
489,298506,2019,21599,Medium
490,298506,2020,56113,Medium
491,299235,2019,1493,Small
492,299235,2020,1942,Small
493,299271,2019,2328,Small
494,299271,2020,1143,Small
495,300385,2019,1302,Small
496,300385,2020,1330,Small
497,300524,2019,291564,Large
498,300524,2020,319716,Large
499,300970,2019,4793,Small
500,300970,2020,8918,Small
501,301401,2019,1719,Small
502,301401,2020,1823,Small
503,302006,2019,1677,Small
504,302006,2020,659,Lesser than 1K
505,302174,2019,7019,Small
506,302174,2020,8177,Small
507,302918,2019,1369,Small
508,302918,2020,2404,Small
509,304028,2019,2063,Small
510,304028,2020,1599,Small
511,304206,2019,1282,Small
512,304206,2020,2034,Small
513,304715,2019,5063,Small
514,304715,2020,12624,Medium
515,305364,2019,2619,Small
516,305364,2020,3609,Small
517,305912,2019,10258,Medium
518,305912,2020,8534,Small
519,306021,2019,1692,Small
520,306021,2020,2888,Small
521,307244,2019,2775,Small
522,307244,2020,2575,Small
523,308228,2019,9062,Small
524,308228,2020,6957,Small
525,308930,2019,12237,Medium
526,308930,2020,13732,Medium
527,310089,2019,1701,Small
528,310089,2020,2937,Small
529,310159,2019,4797,Small
530,310159,2020,4383,Small
531,311065,2019,12194,Medium
532,311065,2020,6428,Small
533,311781,2019,1118,Small
534,311781,2020,8106,Small
535,312033,2019,1267,Small
536,312033,2020,1921,Small
537,313042,2019,1451,Small
538,315742,2019,3214,Small
539,315742,2020,8687,Small
540,317325,2019,1160,Small
541,317325,2020,1624,Small
542,317344,2019,19724,Medium
543,317344,2020,25226,Medium
544,319000,2019,1181,Small
545,319000,2020,2903,Small
546,319103,2019,1140,Small
547,319103,2020,1664,Small
548,321504,2019,84347,Medium
549,321504,2020,74948,Medium
550,321548,2019,4831,Small
551,321548,2020,8440,Small
552,322070,2019,2591,Small
553,322070,2020,5859,Small
554,322111,2019,14292,Medium
555,322111,2020,15173,Medium
556,322643,2019,3750,Small
557,322643,2020,16109,Medium
558,323757,2019,2429,Small
559,323757,2020,771,Lesser than 1K
560,325697,2019,5155,Small
561,325697,2020,14145,Medium
562,326191,2019,14362,Medium
563,326191,2020,5312,Small
564,327083,2019,8682,Small
565,327083,2020,6744,Small
566,327589,2019,1995,Small
567,327589,2020,2560,Small
568,328820,2019,21792,Medium
569,328820,2020,52983,Medium
570,329285,2019,1449,Small
571,329285,2020,1004,Small
572,330092,2019,15748,Medium
573,330092,2020,20304,Medium
574,330188,2019,1634,Small
575,330188,2020,1616,Small
576,330752,2019,1467,Small
577,330752,2020,2159,Small
578,331166,2019,1010,Small
579,331166,2020,955,Lesser than 1K
580,332301,2019,5809,Small
581,332301,2020,5563,Small
582,334585,2019,13054,Medium
583,334585,2020,25353,Medium
584,334809,2019,8606,Small
585,334809,2020,42,Lesser than 1K
586,335365,2019,1034,Small
587,335365,2020,1010,Small
588,335977,2019,1767,Small
589,335977,2020,938,Lesser than 1K
590,336112,2019,8314,Small
591,336112,2020,2739,Small
592,336957,2019,3334,Small
593,336957,2020,2466,Small
594,337315,2019,2975,Small
595,337315,2020,7493,Small
596,338088,2019,2135,Small
597,338088,2020,4568,Small
598,338159,2019,4238,Small
599,338159,2020,3619,Small
600,340522,2019,7218,Small
601,340522,2020,13505,Medium
602,341137,2019,89228,Medium
603,341137,2020,265450,Large
604,342831,2019,2557,Small
605,342831,2020,2450,Small
606,343799,2019,15144,Medium
607,343799,2020,32988,Medium
608,343869,2019,1735,Small
609,343869,2020,1976,Small
610,344016,2019,3061,Small
611,344016,2020,1394,Small
612,345956,2019,1894,Small
613,345956,2020,10889,Medium
614,346874,2019,2974,Small
615,346874,2020,3058,Small
616,347198,2019,1274,Small
617,347198,2020,3363,Small
618,348172,2019,1117,Small
619,348172,2020,1889,Small
620,348298,2019,3172,Small
621,348298,2020,18264,Medium
622,348364,2019,1594,Small
623,348364,2020,1931,Small
624,351393,2019,1167,Small
625,351393,2020,482,Lesser than 1K
626,352841,2019,22230,Medium
627,352841,2020,33047,Medium
628,354288,2019,1616,Small
629,354288,2020,2265,Small
630,355865,2019,1366,Small
631,355865,2020,2804,Small
632,355983,2019,2538,Small
633,355983,2020,3943,Small
634,356029,2019,1093,Small
635,356029,2020,3749,Small
636,356347,2019,3372,Small
637,356347,2020,7750,Small
638,356376,2019,1832,Small
639,356376,2020,1733,Small
640,356557,2019,2956,Small
641,356557,2020,55,Lesser than 1K
642,357115,2019,59269,Medium
643,357115,2020,43547,Medium
644,357156,2019,2790,Small
645,357156,2020,5824,Small
646,357536,2019,2751,Small
647,357536,2020,2280,Small
648,358330,2019,2745,Small
649,358330,2020,3814,Small
650,359427,2019,4331,Small
651,359427,2020,68246,Medium
652,360779,2019,1337,Small
653,360779,2020,1929,Small
654,361580,2019,1309,Small
655,361580,2020,1248,Small
656,361767,2019,1150,Small
657,361767,2020,1291,Small
658,362024,2019,4769,Small
659,362024,2020,5218,Small
660,362593,2019,1381,Small
661,362593,2020,348,Lesser than 1K
662,362752,2019,1367,Small
663,362752,2020,2295,Small
664,363105,2019,8417,Small
665,363105,2020,33448,Medium
666,364211,2019,5817,Small
667,364211,2020,10187,Medium
668,364772,2019,1413,Small
669,364772,2020,23921,Medium
670,365454,2019,6547370,Enterprise
671,365454,2020,7664663,Enterprise
672,367292,2019,1709,Small
673,367292,2020,3334,Small
674,367606,2019,1813,Small
675,367606,2020,1329,Small
676,368165,2019,1251,Small
677,368165,2020,975,Lesser than 1K
678,370402,2019,2634,Small
679,370402,2020,4514,Small
680,370713,2019,13016,Medium
681,370713,2020,25845,Medium
682,370741,2019,2008,Small
683,370741,2020,2356,Small
684,371183,2019,10039,Medium
685,371183,2020,13696,Medium
686,372807,2019,1821,Small
687,372807,2020,591,Lesser than 1K
688,373323,2019,2012,Small
689,373323,2020,4830,Small
690,376400,2019,4148,Small
691,376400,2020,5546,Small
692,376571,2019,1738,Small
693,376571,2020,5575,Small
694,376825,2019,23067,Medium
695,376825,2020,21966,Medium
696,377138,2019,13388,Medium
697,377138,2020,74713,Medium
698,377975,2019,5711,Small
699,377975,2020,11784,Medium
700,378046,2019,37224,Medium
701,378046,2020,72859,Medium
702,378111,2019,1149,Small
703,378111,2020,8,Lesser than 1K
704,378180,2019,2507,Small
705,378180,2020,690,Lesser than 1K
706,379351,2019,2700,Small
707,379351,2020,1815,Small
708,380778,2019,2959,Small
709,380778,2020,4285,Small
710,381148,2019,2100,Small
711,381148,2020,2243,Small
712,382014,2019,1896,Small
713,382014,2020,3902,Small
714,382046,2019,1741,Small
715,382046,2020,3681,Small
716,383269,2019,1135,Small
717,383269,2020,1425,Small
718,383360,2019,43543,Medium
719,383360,2020,48045,Medium
720,384153,2019,1136,Small
721,384153,2020,3910,Small
722,385157,2019,6483,Small
723,385157,2020,6618,Small
724,386483,2019,11112,Medium
725,386483,2020,16843,Medium
726,387617,2019,1890,Small
727,387617,2020,1478,Small
728,387964,2019,1915,Small
729,387964,2020,1355,Small
730,388680,2019,1415,Small
731,388680,2020,1240,Small
732,389562,2019,2653,Small
733,389562,2020,3648,Small
734,391182,2019,2877,Small
735,391182,2020,2965,Small
736,394658,2019,6098,Small
737,394658,2020,10270,Medium
738,395128,2019,2731,Small
739,395128,2020,196,Lesser than 1K
740,395268,2019,2758,Small
741,395268,2020,7541,Small
742,395393,2019,8669,Small
743,395393,2020,6170,Small
744,395545,2019,1000,Small
745,395545,2020,1710,Small
746,396334,2019,1181,Small
747,396334,2020,476,Lesser than 1K
748,396666,2019,16631,Medium
749,396666,2020,70472,Medium
750,397317,2019,2385,Small
751,397317,2020,3360,Small
752,398217,2019,7032,Small
753,398217,2020,13196,Medium
754,399309,2019,3878,Small
755,399309,2020,8030,Small
756,399481,2019,2736,Small
757,399481,2020,1741,Small
758,406044,2019,9089,Small
759,406044,2020,10545,Medium
760,406526,2019,6603,Small
761,406526,2020,4648,Small
762,407748,2019,4215,Small
763,407748,2020,371,Lesser than 1K
764,407849,2019,1873,Small
765,407849,2020,1173,Small
766,409165,2019,3381,Small
767,409165,2020,4458,Small
768,409987,2019,18632,Medium
769,409987,2020,31566,Medium
770,410803,2019,3218,Small
771,410803,2020,3571,Small
772,410920,2019,1857,Small
773,410920,2020,2065,Small
774,411277,2019,1988,Small
775,411277,2020,1726,Small
776,412102,2019,7662,Small
777,412102,2020,5896,Small
778,413260,2019,4882,Small
779,413260,2020,2575,Small
780,416234,2019,1319,Small
781,416234,2020,3145,Small
782,417992,2019,210426,Large
783,417992,2020,267244,Large
784,418060,2019,8434,Small
785,418060,2020,10636,Medium
786,418121,2019,5067,Small
787,418121,2020,5764,Small
788,418746,2019,18570,Medium
789,418746,2020,29655,Medium
790,418906,2019,1517,Small
791,418906,2020,437,Lesser than 1K
792,419333,2019,1452,Small
793,419333,2020,1215,Small
794,419370,2019,2841,Small
795,419370,2020,712,Lesser than 1K
796,419689,2019,1896,Small
797,419689,2020,1695,Small
798,419963,2019,5283,Small
799,419963,2020,6722,Small
800,420685,2019,22712,Medium
801,420685,2020,12438,Medium
802,420933,2019,3873,Small
803,420933,2020,753,Lesser than 1K
804,421202,2019,2220,Small
805,421202,2020,5565,Small
806,422981,2019,5615,Small
807,422981,2020,4720,Small
808,425631,2019,2900,Small
809,425631,2020,2090,Small
810,425741,2019,2832,Small
811,425741,2020,3475,Small
812,426295,2019,3643,Small
813,426295,2020,3982,Small
814,426378,2019,9783,Small
815,426378,2020,2371,Small
816,426551,2019,2979,Small
817,426551,2020,8283,Small
818,427576,2019,1452,Small
819,427576,2020,1951,Small
820,429304,2019,1182,Small
821,429304,2020,1388,Small
822,430465,2019,5045,Small
823,430465,2020,7120,Small
824,431059,2019,2890,Small
825,431059,2020,2951,Small
826,431203,2019,8728,Small
827,431203,2020,12147,Medium
828,431901,2019,6333,Small
829,431901,2020,10944,Medium
830,432570,2019,11650,Medium
831,432570,2020,4135,Small
832,432626,2019,2901,Small
833,432626,2020,1302,Small
834,433797,2019,1338,Small
835,433797,2020,1958,Small
836,434228,2019,1402,Small
837,434228,2020,5450,Small
838,434795,2019,2338,Small
839,434795,2020,2346,Small
840,435532,2019,6028,Small
841,435532,2020,9253,Small
842,436279,2019,22186,Medium
843,436279,2020,37545,Medium
844,436705,2019,88218,Medium
845,436705,2020,157356,Medium
846,437883,2019,12178,Medium
847,437883,2020,11486,Medium
848,439321,2019,8411,Small
849,439321,2020,4255,Small
850,439845,2019,2706,Small
851,439845,2020,11160,Medium
852,442901,2019,2160,Small
853,443093,2019,1587,Small
854,443093,2020,449,Lesser than 1K
855,444323,2019,4677,Small
856,444323,2020,15769,Medium
857,444342,2019,57801,Medium
858,444342,2020,60585,Medium
859,445165,2019,6348,Small
860,445165,2020,9441,Small
861,445427,2019,1353,Small
862,445427,2020,325,Lesser than 1K
863,446598,2019,1548,Small
864,446598,2020,1280,Small
865,448358,2019,338125,Large
866,448358,2020,324823,Large
867,449447,2019,13424,Medium
868,449447,2020,6278,Small
869,450448,2019,1069,Small
870,450448,2020,512,Lesser than 1K
871,450665,2019,1506,Small
872,450665,2020,2038,Small
873,450909,2019,1981,Small
874,450909,2020,1360,Small
875,451525,2019,2806,Small
876,451525,2020,1946,Small
877,453425,2019,3329,Small
878,453425,2020,4037,Small
879,454189,2019,1196,Small
880,454189,2020,466,Lesser than 1K
881,455776,2019,2263,Small
882,455776,2020,960,Lesser than 1K
883,456064,2019,3534,Small
884,456064,2020,3315,Small
885,456397,2019,10944,Medium
886,456397,2020,67177,Medium
887,458751,2019,1095,Small
888,458751,2020,3005,Small
889,458995,2019,43651,Medium
890,458995,2020,27838,Medium
891,460196,2019,1081,Small
892,460196,2020,1256,Small
893,463435,2019,61306,Medium
894,463435,2020,47194,Medium
895,463439,2019,3061,Small
896,463439,2020,2071,Small
897,463506,2019,1158,Small
898,463506,2020,1546,Small
899,464323,2019,1414,Small
900,464323,2020,5114,Small
901,465284,2019,1082,Small
902,465284,2020,57,Lesser than 1K
903,465717,2019,1620,Small
904,465717,2020,2501,Small
905,467168,2019,1444,Small
906,467168,2020,1992,Small
907,467379,2019,1802,Small
908,467379,2020,4842,Small
909,468387,2019,3041,Small
910,468387,2020,4452,Small
911,468740,2019,2339,Small
912,468740,2020,4500,Small
913,470388,2019,6446,Small
914,470388,2020,28115,Medium
915,471772,2019,2884,Small
916,471772,2020,2036,Small
917,471779,2019,3325,Small
918,471779,2020,4539,Small
919,471990,2019,7838,Small
920,471990,2020,4069,Small
921,473686,2019,2616,Small
922,473686,2020,3406,Small
923,473880,2019,1219,Small
924,473880,2020,1181,Small
925,475022,2019,1775,Small
926,475022,2020,3561,Small
927,477680,2019,1655,Small
928,477680,2020,1495,Small
929,479642,2019,2142,Small
930,479642,2020,4621,Small
931,480592,2019,1432,Small
932,480726,2019,4677,Small
933,480726,2020,356,Lesser than 1K
934,480958,2019,3513,Small
935,480958,2020,2255,Small
936,481481,2019,2116,Small
937,481481,2020,2621,Small
938,481611,2019,5308,Small
939,481611,2020,6868,Small
940,481725,2019,13820,Medium
941,481725,2020,9353,Small
942,482514,2019,7280,Small
943,482514,2020,16846,Medium
944,482721,2019,15364,Medium
945,482721,2020,8971,Small
946,482908,2019,3280,Small
947,482908,2020,2708,Small
948,484348,2019,1941,Small
949,484348,2020,2104,Small
950,486606,2019,8389,Small
951,486606,2020,5236,Small
952,486959,2019,5384,Small
953,486959,2020,2220,Small
954,487526,2019,9883,Small
955,487526,2020,30854,Medium
956,488282,2019,5494,Small
957,488282,2020,12097,Medium
958,488451,2019,1209,Small
959,488451,2020,360,Lesser than 1K
960,489265,2019,3068,Small
961,489265,2020,14265,Medium
962,489866,2019,2473,Small
963,489866,2020,1331,Small
964,489912,2019,14032,Medium
965,489912,2020,4527,Small
966,490002,2019,26883,Medium
967,490002,2020,27929,Medium
968,493749,2019,1579,Small
969,493749,2020,1305,Small
970,493829,2019,2086,Small
971,493829,2020,1849,Small
972,494081,2019,17137,Medium
973,494081,2020,13840,Medium
974,495033,2019,5337,Small
975,495033,2020,5821,Small
976,495220,2019,12931,Medium
977,495220,2020,7894,Small
978,495303,2019,7343,Small
979,495303,2020,4210,Small
980,496278,2019,1829,Small
981,496278,2020,47492,Medium
982,496986,2019,39479,Medium
983,496986,2020,36434,Medium
984,498630,2019,1538,Small
985,498630,2020,1988,Small
986,499874,2019,4593,Small
987,499874,2020,6003,Small
988,502005,2019,1005,Small
989,502005,2020,410,Lesser than 1K
990,502445,2019,32782,Medium
991,502445,2020,21482,Medium
992,503898,2019,1074,Small
993,503898,2020,1633,Small
994,504707,2019,29161,Medium
995,504707,2020,16532,Medium
996,504999,2019,4063,Small
997,504999,2020,12982,Medium
998,505975,2019,8160,Small
999,505975,2020,16597,Medium
1000,506621,2019,8312,Small
1001,506621,2020,14897,Medium
1002,507099,2019,4057,Small
1003,507099,2020,4938,Small
1004,508121,2019,14038,Medium
1005,508121,2020,21582,Medium
1006,510281,2019,119911,Medium
1007,510281,2020,162998,Medium
1008,511410,2019,2550,Small
1009,511410,2020,2966,Small
1010,512018,2019,1177,Small
1011,512018,2020,424,Lesser than 1K
1012,513101,2019,2858,Small
1013,513101,2020,2256,Small
1014,514529,2019,1168,Small
1015,514529,2020,1551,Small
1016,516323,2019,4344,Small
1017,516323,2020,6058,Small
1018,516347,2019,6683,Small
1019,516347,2020,15693,Medium
1020,516356,2019,5476,Small
1021,516356,2020,8203,Small
1022,516441,2019,1315,Small
1023,516441,2020,1852,Small
1024,516564,2019,1346,Small
1025,516564,2020,1805,Small
1026,516720,2019,8670,Small
1027,516720,2020,13499,Medium
1028,518132,2019,1487,Small
1029,518132,2020,6379,Small
1030,519571,2019,5702,Small
1031,519571,2020,4841,Small
1032,520756,2019,2108,Small
1033,520756,2020,2172,Small
1034,521585,2019,4153,Small
1035,521585,2020,8286,Small
1036,523748,2019,7609,Small
1037,523748,2020,10114,Medium
1038,523944,2019,128733,Medium
1039,523944,2020,286539,Large
1040,524698,2019,5255,Small
1041,524698,2020,4286,Small
1042,525246,2019,1294,Small
1043,525246,2020,624,Lesser than 1K
1044,526361,2019,2616,Small
1045,526361,2020,3133,Small
1046,526683,2019,6200,Small
1047,526683,2020,4067,Small
1048,526822,2019,111758,Medium
1049,526822,2020,200728,Large
1050,527429,2019,1328,Small
1051,527429,2020,2543,Small
1052,529707,2019,1401,Small
1053,529707,2020,715,Lesser than 1K
1054,530757,2019,2021,Small
1055,530757,2020,2815,Small
1056,531156,2019,1415,Small
1057,531156,2020,4902,Small
1058,532970,2019,22793,Medium
1059,532970,2020,19463,Medium
1060,533043,2019,2383,Small
1061,533043,2020,2186,Small
1062,533066,2019,197635,Medium
1063,533066,2020,184766,Medium
1064,533584,2019,5984,Small
1065,533584,2020,5893,Small
1066,535281,2019,272616,Large
1067,535281,2020,265767,Large
1068,536593,2019,2990,Small
1069,536593,2020,2107,Small
1070,537177,2019,92861,Medium
1071,537177,2020,97139,Medium
1072,537682,2019,18536,Medium
1073,537682,2020,38216,Medium
1074,538373,2019,1522,Small
1075,538373,2020,1460,Small
1076,539019,2019,1481,Small
1077,539019,2020,1381,Small
1078,543674,2019,3212,Small
1079,543674,2020,5489,Small
1080,543754,2019,1574,Small
1081,543754,2020,2945,Small
1082,544086,2019,11587,Medium
1083,544086,2020,23991,Medium
1084,544530,2019,4351,Small
1085,544530,2020,1615,Small
1086,545155,2019,1982,Small
1087,545155,2020,4183,Small
1088,545859,2019,1144,Small
1089,545859,2020,1318,Small
1090,546233,2019,14636,Medium
1091,546233,2020,7261,Small
1092,549673,2019,5421,Small
1093,549673,2020,4819,Small
1094,549830,2019,16521,Medium
1095,549830,2020,3345,Small
1096,549892,2019,809918,Enterprise
1097,549892,2020,532868,Enterprise
1098,551161,2019,1001,Small
1099,551161,2020,1549,Small
1100,551230,2019,13137,Medium
1101,551230,2020,21890,Medium
1102,551760,2019,1392,Small
1103,551760,2020,872,Lesser than 1K
1104,552593,2019,2136,Small
1105,552593,2020,4915,Small
1106,552999,2019,1088,Small
1107,552999,2020,1608,Small
1108,553239,2019,22504,Medium
1109,553239,2020,12948,Medium
1110,555123,2019,9089,Small
1111,555123,2020,16118,Medium
1112,555322,2019,12910,Medium
1113,555322,2020,23712,Medium
1114,555495,2019,1250,Small
1115,555495,2020,513,Lesser than 1K
1116,555892,2019,2506,Small
1117,555892,2020,4299,Small
1118,557297,2019,2167,Small
1119,557297,2020,9131,Small
1120,559966,2019,3274,Small
1121,559966,2020,3463,Small
1122,561536,2019,3870,Small
1123,561536,2020,306,Lesser than 1K
1124,561589,2019,23227,Medium
1125,561589,2020,26181,Medium
1126,563657,2019,2088,Small
1127,563657,2020,7277,Small
1128,565696,2019,2930,Small
1129,565696,2020,2129,Small
1130,565807,2019,2346,Small
1131,565807,2020,3862,Small
1132,565885,2019,1151,Small
1133,565885,2020,804,Lesser than 1K
1134,565950,2019,18649,Medium
1135,565950,2020,19301,Medium
1136,565982,2019,1041,Small
1137,565982,2020,1513,Small
1138,566097,2019,6839,Small
1139,566097,2020,9471,Small
1140,567893,2019,8908,Small
1141,567893,2020,4810,Small
1142,567933,2019,2470,Small
1143,567933,2020,2275,Small
1144,568233,2019,1413,Small
1145,568233,2020,2160,Small
1146,568922,2019,1191,Small
1147,568922,2020,2889,Small
1148,569642,2019,6929,Small
1149,569642,2020,7722,Small
1150,571037,2019,12598,Medium
1151,571037,2020,25587,Medium
1152,572558,2019,4400,Small
1153,572558,2020,9608,Small
1154,572560,2019,45773,Medium
1155,572560,2020,57460,Medium
1156,577746,2019,3229,Small
1157,577746,2020,3510,Small
1158,578432,2019,5079,Small
1159,578432,2020,13275,Medium
1160,579212,2019,3629,Small
1161,579212,2020,5569,Small
1162,580673,2019,102886,Medium
1163,580673,2020,102212,Medium
1164,582628,2019,7979,Small
1165,582628,2020,7512,Small
1166,583747,2019,3702,Small
1167,583747,2020,16423,Medium
1168,583835,2019,3227,Small
1169,583835,2020,2217,Small
1170,584336,2019,39073,Medium
1171,584336,2020,152585,Medium
1172,585409,2019,9694,Small
1173,585409,2020,10468,Medium
1174,585461,2019,13655,Medium
1175,585461,2020,18361,Medium
1176,585528,2019,3054,Small
1177,585528,2020,5111,Small
1178,586917,2019,103430,Medium
1179,586917,2020,123173,Medium
1180,588172,2019,3226,Small
1181,588172,2020,2953,Small
1182,588881,2019,1993,Small
1183,588881,2020,4310,Small
1184,589713,2019,2725,Small
1185,589713,2020,1632,Small
1186,591737,2019,3902,Small
1187,591737,2020,4917,Small
1188,594731,2019,11960,Medium
1189,594731,2020,13801,Medium
1190,595335,2019,7947,Small
1191,595335,2020,12522,Medium
1192,595926,2019,9988,Small
1193,595926,2020,20604,Medium
1194,596399,2019,1291,Small
1195,596399,2020,1166,Small
1196,596623,2019,10519,Medium
1197,596623,2020,11873,Medium
1198,596868,2019,43005,Medium
1199,596868,2020,68935,Medium
1200,597057,2019,3848,Small
1201,597057,2020,4528,Small
1202,599784,2019,2236,Small
1203,599784,2020,2593,Small
1204,600731,2019,2606,Small
1205,600731,2020,1783,Small
1206,601436,2019,1478,Small
1207,601436,2020,2028,Small
1208,604097,2019,1129,Small
1209,604097,2020,3984,Small
1210,605801,2019,3365,Small
1211,605801,2020,7639,Small
1212,606441,2019,1322,Small
1213,606441,2020,3287,Small
1214,606780,2019,1699,Small
1215,606780,2020,2381,Small
1216,607210,2019,2058,Small
1217,607210,2020,1878,Small
1218,607252,2019,1756,Small
1219,607252,2020,1605,Small
1220,607647,2019,1054,Small
1221,607647,2020,860,Lesser than 1K
1222,607793,2019,1008,Small
1223,607793,2020,789,Lesser than 1K
1224,608276,2019,1862,Small
1225,608276,2020,16895,Medium
1226,608500,2019,18937,Medium
1227,608500,2020,69830,Medium
1228,608546,2019,3493,Small
1229,608546,2020,2310,Small
1230,609152,2019,6146,Small
1231,609152,2020,9910,Small
1232,610356,2019,2027,Small
1233,610356,2020,2860,Small
1234,612478,2019,1247,Small
1235,612478,2020,2660,Small
1236,612542,2019,29789,Medium
1237,612542,2020,40684,Medium
1238,613286,2019,5215,Small
1239,613286,2020,5630,Small
1240,613325,2019,1090,Small
1241,613325,2020,282,Lesser than 1K
1242,614946,2019,1035,Small
1243,614946,2020,2139,Small
1244,616880,2019,39302,Medium
1245,616880,2020,82765,Medium
1246,617120,2019,10175,Medium
1247,617120,2020,14232,Medium
1248,617439,2019,435288,Large
1249,617439,2020,865433,Enterprise
1250,618317,2019,4676,Small
1251,618317,2020,10967,Medium
1252,618759,2019,2939,Small
1253,618759,2020,4312,Small
1254,620159,2019,2331,Small
1255,620159,2020,1930,Small
1256,620684,2019,1612,Small
1257,620684,2020,3870,Small
1258,623462,2019,1058,Small
1259,623462,2020,32594,Medium
1260,623642,2019,1234,Small
1261,623642,2020,1228,Small
1262,624498,2019,1035,Small
1263,624498,2020,2396,Small
1264,625311,2019,1106,Small
1265,625311,2020,1063,Small
1266,627447,2019,9959,Small
1267,627447,2020,4710,Small
1268,627618,2019,3569,Small
1269,627618,2020,3100,Small
1270,628471,2019,1570,Small
1271,628471,2020,3077,Small
1272,630442,2019,44093,Medium
1273,630442,2020,53000,Medium
1274,631279,2019,1365,Small
1275,631279,2020,2762,Small
1276,632516,2019,2896,Small
1277,632516,2020,4071,Small
1278,632544,2019,3250,Small
1279,632544,2020,3234,Small
1280,633761,2019,10763,Medium
1281,633761,2020,10509,Medium
1282,634068,2019,2770,Small
1283,634068,2020,1620,Small
1284,635000,2019,9162,Small
1285,635000,2020,11859,Medium
1286,635789,2019,6217,Small
1287,635789,2020,12569,Medium
1288,636159,2019,1026,Small
1289,636159,2020,1207,Small
1290,636552,2019,2099,Small
1291,636552,2020,5232,Small
1292,636837,2019,1827,Small
1293,636837,2020,3065,Small
1294,636976,2019,2058,Small
1295,636976,2020,1737,Small
1296,637874,2019,1535,Small
1297,637874,2020,1622,Small
1298,638816,2019,1686,Small
1299,638816,2020,1773,Small
1300,641216,2019,3294,Small
1301,641216,2020,36,Lesser than 1K
1302,641781,2019,1174,Small
1303,641781,2020,1160,Small
1304,642426,2019,1014,Small
1305,642426,2020,1523,Small
1306,642870,2019,1136,Small
1307,642870,2020,1892,Small
1308,644496,2019,2846,Small
1309,644496,2020,10186,Medium
1310,644564,2019,3447,Small
1311,644564,2020,1345,Small
1312,646845,2019,1834,Small
1313,646845,2020,1026,Small
1314,647923,2019,6194,Small
1315,647923,2020,1374,Small
1316,648024,2019,3620,Small
1317,648024,2020,400,Lesser than 1K
1318,648468,2019,8542,Small
1319,648468,2020,17044,Medium
1320,650813,2019,1428,Small
1321,650813,2020,5998,Small
1322,650817,2019,202699,Large
1323,650817,2020,198061,Medium
1324,652688,2019,2460,Small
1325,652688,2020,8617,Small
1326,654149,2019,1560,Small
1327,654149,2020,1087,Small
1328,655237,2019,1428,Small
1329,655237,2020,2008,Small
1330,656159,2019,1146,Small
1331,656159,2020,1376,Small
1332,657359,2019,8352,Small
1333,657359,2020,11255,Medium
1334,657995,2019,2097,Small
1335,657995,2020,1912,Small
1336,658553,2019,42393,Medium
1337,658553,2020,23378,Medium
1338,658595,2019,6179,Small
1339,658595,2020,7580,Small
1340,659248,2019,1272,Small
1341,659248,2020,1290,Small
1342,659632,2019,2730,Small
1343,659632,2020,4436,Small
1344,660851,2019,1467,Small
1345,660851,2020,1513,Small
1346,660863,2019,7835,Small
1347,660863,2020,12235,Medium
1348,661158,2019,1300,Small
1349,661158,2020,1990,Small
1350,670641,2019,1329,Small
1351,670641,2020,1641,Small
1352,672075,2019,3870,Small
1353,672075,2020,5621,Small
1354,672833,2019,3954,Small
1355,672833,2020,6575,Small
1356,675167,2019,16617,Medium
1357,675167,2020,28914,Medium
1358,676584,2019,7052,Small
1359,676584,2020,2102,Small
1360,678870,2019,1061,Small
1361,678870,2020,423,Lesser than 1K
1362,679097,2019,3319,Small
1363,679097,2020,1920,Small
1364,681318,2019,2947,Small
1365,681318,2020,7456,Small
1366,683214,2019,2694,Small
1367,683214,2020,2795,Small
1368,683620,2019,4374,Small
1369,683620,2020,1804,Small
1370,684927,2019,17102,Medium
1371,684927,2020,37216,Medium
1372,684937,2019,1346,Small
1373,684937,2020,1458,Small
1374,687392,2019,2971,Small
1375,687392,2020,2865,Small
1376,688283,2019,6983,Small
1377,688283,2020,10433,Medium
1378,688778,2019,1974,Small
1379,688778,2020,2200,Small
1380,689246,2019,1517,Small
1381,689482,2019,1003,Small
1382,689482,2020,2384,Small
1383,690107,2019,10014,Medium
1384,690107,2020,16947,Medium
1385,690888,2019,8755,Small
1386,690888,2020,9682,Small
1387,691234,2019,1764,Small
1388,691234,2020,4142,Small
1389,694144,2019,4775,Small
1390,694144,2020,4599,Small
1391,696325,2019,1401,Small
1392,696325,2020,1944,Small
1393,696897,2019,1012,Small
1394,696897,2020,1111,Small
1395,697445,2019,5061,Small
1396,697445,2020,7479,Small
1397,699231,2019,4010,Small
1398,699231,2020,5515,Small
1399,700956,2019,1090,Small
1400,702005,2019,11355,Medium
1401,702005,2020,15076,Medium
1402,703807,2019,6488,Small
1403,703807,2020,14520,Medium
1404,703858,2019,1838,Small
1405,703858,2020,2237,Small
1406,704306,2019,8103,Small
1407,704306,2020,10970,Medium
1408,704595,2019,17312,Medium
1409,704595,2020,29334,Medium
1410,705042,2019,1145,Small
1411,707727,2019,1582,Small
1412,707727,2020,1349,Small
1413,707765,2019,4985,Small
1414,707765,2020,5414,Small
1415,707811,2019,6359,Small
1416,707811,2020,9665,Small
1417,707974,2019,2429,Small
1418,707974,2020,19819,Medium
1419,708575,2019,1182,Small
1420,708575,2020,238,Lesser than 1K
1421,708679,2019,6183,Small
1422,708679,2020,14049,Medium
1423,708836,2019,866149,Enterprise
1424,708836,2020,1490420,Enterprise
1425,709440,2019,1387,Small
1426,709440,2020,6147,Small
1427,710932,2019,1588,Small
1428,710932,2020,1246,Small
1429,711318,2019,4453,Small
1430,711318,2020,5107,Small
1431,711956,2019,2812,Small
1432,711956,2020,6455,Small
1433,712132,2019,2094,Small
1434,712132,2020,1517,Small
1435,712381,2019,1399,Small
1436,712381,2020,1088,Small
1437,715488,2019,1148,Small
1438,715488,2020,1446,Small
1439,716949,2019,1395,Small
1440,716949,2020,1130,Small
1441,716972,2019,3122,Small
1442,716972,2020,2695,Small
1443,718117,2019,4425,Small
1444,718117,2020,11392,Medium
1445,718262,2019,3999,Small
1446,718262,2020,6699,Small
1447,719079,2019,9583,Small
1448,719079,2020,13568,Medium
1449,719389,2019,2313,Small
1450,719389,2020,4989,Small
1451,719751,2019,1930,Small
1452,719751,2020,2199,Small
1453,720383,2019,115974,Medium
1454,720383,2020,367062,Large
1455,720407,2019,2837,Small
1456,720407,2020,10577,Medium
1457,722327,2019,6233,Small
1458,722327,2020,6419,Small
1459,723017,2019,1620,Small
1460,723017,2020,3684,Small
1461,723278,2019,1995,Small
1462,723278,2020,2362,Small
1463,723471,2019,1216,Small
1464,723471,2020,868,Lesser than 1K
1465,726326,2019,2488,Small
1466,726326,2020,1867,Small
1467,727562,2019,3011,Small
1468,727562,2020,1,Lesser than 1K
1469,730256,2019,5031,Small
1470,730256,2020,5778,Small
1471,730973,2019,5076,Small
1472,730973,2020,5717,Small
1473,731530,2019,2564,Small
1474,731530,2020,4103,Small
1475,732454,2019,1148,Small
1476,732454,2020,1309,Small
1477,732537,2019,1233,Small
1478,732537,2020,1397,Small
1479,733944,2019,5543,Small
1480,733944,2020,5514,Small
1481,734169,2019,8941,Small
1482,734169,2020,12266,Medium
1483,735352,2019,1083,Small
1484,735352,2020,702,Lesser than 1K
1485,737062,2019,3579,Small
1486,737062,2020,3525,Small
1487,739672,2019,3356,Small
1488,739672,2020,2239,Small
1489,739686,2019,4328,Small
1490,739686,2020,201,Lesser than 1K
1491,741676,2019,1588,Small
1492,741676,2020,1415,Small
1493,741971,2019,1416,Small
1494,741971,2020,3644,Small
1495,742396,2019,2019,Small
1496,742396,2020,8631,Small
1497,742681,2019,2088,Small
1498,742681,2020,1895,Small
1499,742791,2019,3892434,Enterprise
1500,742791,2020,4546171,Enterprise
1501,743296,2019,5321,Small
1502,743296,2020,4352,Small
1503,745580,2019,2203,Small
1504,745580,2020,2806,Small
1505,745947,2019,3401,Small
1506,745947,2020,1354,Small
1507,747282,2019,3320,Small
1508,747282,2020,5540,Small
1509,747525,2019,3163,Small
1510,747525,2020,2565,Small
1511,748266,2019,132233,Medium
1512,748266,2020,248821,Large
1513,749105,2019,9536,Small
1514,749105,2020,11694,Medium
1515,749268,2019,1402,Small
1516,749268,2020,1639,Small
1517,749983,2019,1376,Small
1518,751109,2019,1289,Small
1519,751109,2020,667,Lesser than 1K
1520,751647,2019,2172,Small
1521,751647,2020,4436,Small
1522,751757,2019,1005,Small
1523,751757,2020,845,Lesser than 1K
1524,752624,2019,1659,Small
1525,752624,2020,2785,Small
1526,753663,2019,1316,Small
1527,753663,2020,1694,Small
1528,753763,2019,3063,Small
1529,753763,2020,3961,Small
1530,754531,2019,2512,Small
1531,754531,2020,3131,Small
1532,755137,2019,2238,Small
1533,755137,2020,2948,Small
1534,757920,2019,278653,Large
1535,757920,2020,179982,Medium
1536,758925,2019,6308,Small
1537,758925,2020,8054,Small
1538,759818,2019,1644,Small
1539,759818,2020,1001,Small
1540,760817,2019,1151,Small
1541,760817,2020,979,Lesser than 1K
1542,763510,2019,20189,Medium
1543,763510,2020,31354,Medium
1544,764506,2019,1467,Small
1545,764506,2020,8088,Small
1546,764775,2019,1727,Small
1547,764775,2020,867,Lesser than 1K
1548,765806,2019,4483,Small
1549,765806,2020,3456,Small
1550,769411,2019,3922,Small
1551,769411,2020,7137,Small
1552,769423,2019,1228,Small
1553,770985,2019,87705,Medium
1554,770985,2020,99013,Medium
1555,771449,2019,1221,Small
1556,771449,2020,792,Lesser than 1K
1557,771794,2019,1904,Small
1558,771794,2020,3921,Small
1559,771796,2019,4890,Small
1560,771796,2020,3378,Small
1561,773259,2019,28073,Medium
1562,773259,2020,66341,Medium
1563,774606,2019,3439,Small
1564,774645,2019,2087,Small
1565,774645,2020,3344,Small
1566,775846,2019,1945,Small
1567,775846,2020,4822,Small
1568,776755,2019,1297,Small
1569,776755,2020,1945,Small
1570,777170,2019,3922,Small
1571,777170,2020,9836,Small
1572,778137,2019,5546,Small
1573,778137,2020,6842,Small
1574,778800,2019,5373,Small
1575,778800,2020,9085,Small
1576,780180,2019,1551,Small
1577,780180,2020,1119,Small
1578,781793,2019,8681,Small
1579,781793,2020,10600,Medium
1580,783818,2019,1035,Small
1581,783818,2020,8084,Small
1582,784585,2019,5459,Small
1583,784585,2020,8175,Small
1584,785609,2019,15297,Medium
1585,785609,2020,12064,Medium
1586,786581,2019,1241,Small
1587,786581,2020,1508,Small
1588,786604,2019,7924,Small
1589,786754,2019,1047,Small
1590,786754,2020,1556,Small
1591,787066,2019,1655,Small
1592,787066,2020,5818,Small
1593,787207,2019,6396,Small
1594,787207,2020,8832,Small
1595,788487,2019,9934,Small
1596,788487,2020,18976,Medium
1597,788862,2019,5083,Small
1598,788862,2020,5539,Small
1599,789108,2019,3146,Small
1600,789108,2020,1204,Small
1601,790143,2019,4495,Small
1602,790143,2020,1689,Small
1603,790819,2019,2051,Small
1604,791446,2019,4471,Small
1605,791446,2020,8036,Small
1606,791625,2019,3717,Small
1607,791625,2020,4345,Small
1608,792080,2019,4301,Small
1609,792080,2020,1782,Small
1610,792169,2019,1737,Small
1611,792169,2020,2679,Small
1612,792298,2019,4507,Small
1613,792298,2020,15089,Medium
1614,792977,2019,3544,Small
1615,792977,2020,9205,Small
1616,793008,2019,1910,Small
1617,793008,2020,1979,Small
1618,794006,2019,2686,Small
1619,794006,2020,3675,Small
1620,794547,2019,3197,Small
1621,794547,2020,6757,Small
1622,796792,2019,1039,Small
1623,796792,2020,1575,Small
1624,799475,2019,10885,Medium
1625,799475,2020,10897,Medium
1626,800531,2019,1901,Small
1627,800531,2020,3980,Small
1628,803311,2019,7140,Small
1629,803311,2020,6059,Small
1630,804325,2019,31172,Medium
1631,804325,2020,54766,Medium
1632,804753,2019,3121,Small
1633,804753,2020,2222,Small
1634,805611,2019,1664,Small
1635,805611,2020,2073,Small
1636,805659,2019,4677,Small
1637,805659,2020,4313,Small
1638,806429,2019,579219,Enterprise
1639,806429,2020,1280959,Enterprise
1640,808055,2019,9872,Small
1641,808055,2020,20947,Medium
1642,808148,2019,1723,Small
1643,808148,2020,1917,Small
1644,810116,2019,4411,Small
1645,810116,2020,6560,Small
1646,811549,2019,43803,Medium
1647,811549,2020,43348,Medium
1648,813196,2019,8359,Small
1649,813196,2020,18299,Medium
1650,814873,2019,3650,Small
1651,814873,2020,3617,Small
1652,815936,2019,12001,Medium
1653,815936,2020,11556,Medium
1654,816459,2019,4018,Small
1655,816459,2020,5747,Small
1656,817337,2019,1179,Small
1657,817337,2020,254,Lesser than 1K
1658,820561,2019,1234,Small
1659,820561,2020,1341,Small
1660,823286,2019,1003,Small
1661,823286,2020,1067,Small
1662,824351,2019,2886758,Enterprise
1663,824351,2020,2623428,Enterprise
1664,824951,2019,6147,Small
1665,824951,2020,5971,Small
1666,827397,2019,7844,Small
1667,827397,2020,6390,Small
1668,827508,2019,6392,Small
1669,827508,2020,9504,Small
1670,828595,2019,1751,Small
1671,828595,2020,6376,Small
1672,830319,2019,2258,Small
1673,830319,2020,2755,Small
1674,830513,2019,136020,Medium
1675,830513,2020,123830,Medium
1676,830938,2019,6847,Small
1677,830938,2020,7818,Small
1678,831569,2019,1054,Small
1679,831569,2020,1090,Small
1680,832038,2019,1120,Small
1681,832038,2020,20843,Medium
1682,833033,2019,2994,Small
1683,833033,2020,2460,Small
1684,835177,2019,2927,Small
1685,835177,2020,4319,Small
1686,835479,2019,1382,Small
1687,835479,2020,1629,Small
1688,835653,2019,19799,Medium
1689,835653,2020,4675,Small
1690,835870,2019,1360,Small
1691,835870,2020,1033,Small
1692,835947,2019,2085,Small
1693,835947,2020,2332,Small
1694,836437,2019,123728,Medium
1695,836437,2020,60334,Medium
1696,836626,2019,1106,Small
1697,836626,2020,984,Lesser than 1K
1698,836878,2019,71741,Medium
1699,836878,2020,381618,Large
1700,837093,2019,1783,Small
1701,837093,2020,1497,Small
1702,837803,2019,10486,Medium
1703,837803,2020,8854,Small
1704,842216,2019,5467,Small
1705,842216,2020,8396,Small
1706,842632,2019,31075,Medium
1707,842632,2020,27570,Medium
1708,842634,2019,3504,Small
1709,842634,2020,4703,Small
1710,843144,2019,8224,Small
1711,843144,2020,6331,Small
1712,843763,2019,23073,Medium
1713,843763,2020,28591,Medium
1714,847595,2019,22355,Medium
1715,847595,2020,19511,Medium
1716,847623,2019,38324,Medium
1717,847697,2019,1510,Small
1718,847697,2020,1291,Small
1719,848666,2019,59001,Medium
1720,848666,2020,497104,Large
1721,851178,2019,1334,Small
1722,851178,2020,2476,Small
1723,851894,2019,5309,Small
1724,851894,2020,3985,Small
1725,851995,2019,2932,Small
1726,851995,2020,1480,Small
1727,852369,2019,3927,Small
1728,852369,2020,5075,Small
1729,853055,2019,5211,Small
1730,853055,2020,5070,Small
1731,853082,2019,5088,Small
1732,853082,2020,3629,Small
1733,853148,2019,1146,Small
1734,853148,2020,968,Lesser than 1K
1735,854749,2019,1991,Small
1736,854749,2020,2356,Small
1737,854872,2019,75702,Medium
1738,854872,2020,92586,Medium
1739,855186,2019,19073,Medium
1740,855186,2020,18518,Medium
1741,856989,2019,250415,Large
1742,856989,2020,323028,Large
1743,857468,2019,17079,Medium
1744,857468,2020,9271,Small
1745,857720,2019,5725,Small
1746,857720,2020,6939,Small
1747,857807,2019,11771,Medium
1748,857807,2020,10109,Medium
1749,857887,2019,4068,Small
1750,857887,2020,1566,Small
1751,858487,2019,10222,Medium
1752,858487,2020,30466,Medium
1753,858782,2019,1668,Small
1754,858782,2020,1475,Small
1755,859193,2019,1126,Small
1756,859193,2020,2491,Small
1757,859730,2019,5915,Small
1758,859730,2020,7102,Small
1759,859903,2019,2523883,Enterprise
1760,859903,2020,4783642,Enterprise
1761,860746,2019,5438,Small
1762,860746,2020,4547,Small
1763,861251,2019,1219,Small
1764,861251,2020,4014,Small
1765,861405,2019,4135,Small
1766,861405,2020,8596,Small
1767,862345,2019,7206,Small
1768,862345,2020,9114,Small
1769,865032,2019,1720,Small
1770,865032,2020,1245,Small
1771,865837,2019,21471,Medium
1772,865837,2020,19290,Medium
1773,866497,2019,1219,Small
1774,866497,2020,1306,Small
1775,867864,2019,41323,Medium
1776,867864,2020,50753,Medium
1777,869557,2019,8427,Small
1778,869557,2020,9004,Small
1779,870019,2019,3045,Small
1780,870019,2020,5391,Small
1781,870788,2019,1380,Small
1782,870788,2020,1520,Small
1783,871319,2019,6573,Small
1784,871319,2020,4090,Small
1785,871399,2019,1403,Small
1786,871399,2020,1512,Small
1787,874167,2019,2495,Small
1788,874167,2020,2534,Small
1789,875759,2019,8243,Small
1790,875759,2020,4924,Small
1791,876509,2019,8229,Small
1792,876509,2020,2993,Small
1793,876558,2019,38770,Medium
1794,876558,2020,41869,Medium
1795,876734,2019,4377,Small
1796,876734,2020,3363,Small
1797,877159,2019,1452,Small
1798,877159,2020,1554,Small
1799,877959,2019,2089,Small
1800,877959,2020,1459,Small
1801,878069,2019,15763,Medium
1802,878069,2020,55359,Medium
1803,878258,2019,6987,Small
1804,878258,2020,4379,Small
1805,878317,2019,339320,Large
1806,878317,2020,600892,Enterprise
1807,878771,2019,47024,Medium
1808,878771,2020,34639,Medium
1809,879069,2019,1371,Small
1810,879069,2020,593,Lesser than 1K
1811,879156,2019,3200,Small
1812,879156,2020,6700,Small
1813,879386,2019,1290,Small
1814,879386,2020,1006,Small
1815,881237,2019,1740,Small
1816,881237,2020,2027,Small
1817,882520,2019,1548,Small
1818,882520,2020,1591,Small
1819,882876,2019,2068,Small
1820,882876,2020,15997,Medium
1821,883541,2019,2386,Small
1822,883541,2020,1953,Small
1823,883806,2019,1168,Small
1824,883806,2020,1845,Small
1825,884057,2019,2035,Small
1826,884057,2020,3050,Small
1827,885102,2019,18410,Medium
1828,885102,2020,19383,Medium
1829,885680,2019,6206452,Enterprise
1830,885680,2020,5870538,Enterprise
1831,885811,2019,6663,Small
1832,885811,2020,7885,Small
1833,885966,2019,12996,Medium
1834,885966,2020,20940,Medium
1835,886134,2019,5869,Small
1836,886134,2020,3713,Small
1837,886840,2019,2763,Small
1838,886840,2020,63,Lesser than 1K
1839,887972,2019,3365,Small
1840,887972,2020,4635,Small
1841,888355,2019,1333,Small
1842,888355,2020,1990,Small
1843,891939,2019,3229,Small
1844,892717,2019,8027,Small
1845,892717,2020,19785,Medium
1846,894068,2019,2512,Small
1847,894068,2020,1077,Small
1848,894369,2019,1052,Small
1849,894369,2020,1505,Small
1850,894561,2019,1332,Small
1851,894561,2020,947,Lesser than 1K
1852,895205,2019,5060,Small
1853,895205,2020,6514,Small
1854,895304,2019,63427,Medium
1855,895304,2020,52908,Medium
1856,896210,2019,13729,Medium
1857,896210,2020,4706,Small
1858,896717,2019,1296,Small
1859,896717,2020,3581,Small
1860,896872,2019,1231,Small
1861,896872,2020,1366,Small
1862,897261,2019,1593,Small
1863,897261,2020,6389,Small
1864,897278,2019,5849,Small
1865,897278,2020,13234,Medium
1866,898838,2019,1381,Small
1867,898838,2020,2767,Small
1868,899827,2019,93047,Medium
1869,899827,2020,105296,Medium
1870,900446,2019,1141,Small
1871,900446,2020,1420,Small
1872,901944,2019,1735,Small
1873,901944,2020,781,Lesser than 1K
1874,902073,2019,3764239,Enterprise
1875,902073,2020,6231766,Enterprise
1876,903876,2019,7649,Small
1877,903876,2020,5389,Small
1878,904643,2019,1354,Small
1879,904643,2020,2,Lesser than 1K
1880,904718,2019,1534,Small
1881,904718,2020,1787,Small
1882,905725,2019,7905,Small
1883,905725,2020,8966,Small
1884,905956,2019,3212,Small
1885,905956,2020,5977,Small
1886,906211,2019,7237,Small
1887,906211,2020,10928,Medium
1888,907223,2019,12863,Medium
1889,907223,2020,7981,Small
1890,908519,2019,1487,Small
1891,908519,2020,2295,Small
1892,909077,2019,3239,Small
1893,909077,2020,1102,Small
1894,909527,2019,2718,Small
1895,909527,2020,254,Lesser than 1K
1896,911064,2019,2294,Small
1897,911064,2020,6434,Small
1898,912392,2019,4199,Small
1899,912392,2020,4132,Small
1900,912733,2019,1198,Small
1901,912733,2020,2903,Small
1902,913139,2019,1756,Small
1903,913139,2020,4160,Small
1904,913855,2019,1843,Small
1905,913855,2020,4255,Small
1906,916454,2019,2197,Small
1907,916454,2020,6167,Small
1908,916725,2019,2004,Small
1909,916725,2020,2025,Small
1910,918240,2019,227003,Large
1911,918240,2020,260407,Large
1912,920905,2019,1292,Small
1913,920905,2020,1247,Small
1914,921255,2019,1763,Small
1915,921255,2020,1132,Small
1916,921379,2019,1090,Small
1917,921379,2020,757,Lesser than 1K
1918,921427,2019,8949,Small
1919,921427,2020,9218,Small
1920,921611,2019,1518485,Enterprise
1921,921611,2020,2791928,Enterprise
1922,922152,2019,9975,Small
1923,922152,2020,3645,Small
1924,924375,2019,2293,Small
1925,924375,2020,1650,Small
1926,924590,2019,4175,Small
1927,924590,2020,14143,Medium
1928,925905,2019,67587,Medium
1929,925905,2020,106094,Medium
1930,926614,2019,3355,Small
1931,926614,2020,4521,Small
1932,926759,2019,1079,Small
1933,926759,2020,537,Lesser than 1K
1934,927219,2019,1059,Small
1935,927219,2020,1225,Small
1936,928563,2019,5407,Small
1937,928563,2020,3310,Small
1938,928575,2019,1322,Small
1939,928575,2020,1430,Small
1940,928667,2019,5619,Small
1941,928667,2020,3432,Small
1942,929587,2019,2969,Small
1943,929587,2020,2774,Small
1944,930139,2019,1779,Small
1945,930139,2020,6183,Small
1946,930482,2019,2046,Small
1947,930482,2020,1981,Small
1948,930786,2019,1690,Small
1949,930786,2020,1907,Small
1950,931867,2019,1534,Small
1951,931867,2020,653,Lesser than 1K
1952,931980,2019,6020,Small
1953,931980,2020,6428,Small
1954,936134,2019,1930,Small
1955,936134,2020,1175,Small
1956,936951,2019,2058,Small
1957,936951,2020,5415,Small
1958,937828,2019,1533,Small
1959,937828,2020,2510,Small
1960,937860,2019,4098,Small
1961,937860,2020,90739,Medium
1962,938287,2019,5749,Small
1963,938287,2020,10825,Medium
1964,939820,2019,2645,Small
1965,939820,2020,9117,Small
1966,940268,2019,3677,Small
1967,940268,2020,4924,Small
1968,941451,2019,331533,Large
1969,941451,2020,436742,Large
1970,942148,2019,1842,Small
1971,942148,2020,4278,Small
1972,943000,2019,3627,Small
1973,943000,2020,1533,Small
1974,943901,2019,1399,Small
1975,943901,2020,545,Lesser than 1K
1976,945327,2019,2614,Small
1977,945327,2020,2678,Small
1978,948156,2019,3750,Small
1979,948156,2020,2713,Small
1980,948971,2019,2302,Small
1981,948971,2020,2117,Small
1982,951252,2019,1578,Small
1983,951252,2020,3368,Small
1984,952291,2019,20115,Medium
1985,952291,2020,74850,Medium
1986,952364,2019,1079,Small
1987,952364,2020,5462,Small
1988,952813,2019,3239,Small
1989,952813,2020,6193,Small
1990,953829,2019,3094,Small
1991,953829,2020,270,Lesser than 1K
1992,953854,2019,1884,Small
1993,953854,2020,4126,Small
1994,954070,2019,683934,Enterprise
1995,954070,2020,515318,Enterprise
1996,954178,2019,1151,Small
1997,954178,2020,1244,Small
1998,954516,2019,42386,Medium
1999,954516,2020,73770,Medium
2000,954523,2019,12314,Medium
2001,954523,2020,11141,Medium
2002,954657,2019,1652,Small
2003,954657,2020,2059,Small
2004,956321,2019,1973,Small
2005,956321,2020,1203,Small
2006,958030,2019,127299,Medium
2007,958030,2020,135202,Medium
2008,958309,2019,1380,Small
2009,958309,2020,2953,Small
2010,959477,2019,1032,Small
2011,959477,2020,1079,Small
2012,961252,2019,1732,Small
2013,961252,2020,1147,Small
2014,962210,2019,4341,Small
2015,962210,2020,3718,Small
2016,962943,2019,2080,Small
2017,962943,2020,1712,Small
2018,965295,2019,2386,Small
2019,965295,2020,2068,Small
2020,965584,2019,17957,Medium
2021,965584,2020,7577,Small
2022,966097,2019,161689,Medium
2023,966097,2020,140569,Medium
2024,966592,2019,1381,Small
2025,966592,2020,1366,Small
2026,967700,2019,9473,Small
2027,967700,2020,9801,Small
2028,970248,2019,3592,Small
2029,970248,2020,10576,Medium
2030,971797,2019,1785,Small
2031,971797,2020,3888,Small
2032,972368,2019,1781,Small
2033,972368,2020,3854,Small
2034,972598,2019,1687,Small
2035,972598,2020,4081,Small
2036,972718,2019,2229,Small
2037,972718,2020,2800,Small
2038,973720,2019,1577,Small
2039,973720,2020,26330,Medium
2040,975054,2019,1506,Small
2041,975054,2020,1049,Small
2042,975328,2019,1518,Small
2043,975328,2020,3168,Small
2044,975336,2019,1207,Small
2045,975336,2020,582,Lesser than 1K
2046,976044,2019,1514,Small
2047,976044,2020,2741,Small
2048,976180,2019,1463,Small
2049,976180,2020,3106,Small
2050,977352,2019,9530,Small
2051,977352,2020,37264,Medium
2052,978343,2019,3077,Small
2053,978343,2020,4455,Small
2054,979549,2019,2231,Small
2055,979892,2019,2618,Small
2056,979892,2020,3592,Small
2057,980193,2019,1019,Small
2058,980193,2020,685,Lesser than 1K
2059,982806,2019,4215,Small
2060,982806,2020,2069,Small
2061,983349,2019,1889,Small
2062,983349,2020,3528,Small
2063,983904,2019,1471,Small
2064,983904,2020,1514,Small
2065,985198,2019,1294,Small
2066,985198,2020,2177,Small
2067,985225,2019,1391,Small
2068,985225,2020,728,Lesser than 1K
2069,985336,2019,1817,Small
2070,985336,2020,1061,Small
2071,986495,2019,5058,Small
2072,986495,2020,2767,Small
2073,986637,2019,1132,Small
2074,986637,2020,604,Lesser than 1K
2075,987288,2019,8025,Small
2076,987288,2020,19857,Medium
2077,989429,2019,1002,Small
2078,989429,2020,1338,Small
2079,989822,2019,38649,Medium
2080,989822,2020,22819,Medium
2081,990621,2019,18097,Medium
2082,990621,2020,41120,Medium
2083,990926,2019,1925,Small
2084,990926,2020,11344,Medium
2085,991844,2019,18138,Medium
2086,991844,2020,15324,Medium
2087,992027,2019,30625,Medium
2088,992027,2020,23344,Medium
2089,992405,2019,2260,Small
2090,992405,2020,2072,Small
2091,992524,2019,2391,Small
2092,992524,2020,1825,Small
2093,993472,2019,6053,Small
2094,993472,2020,5332,Small
2095,993759,2019,2652,Small
2096,993759,2020,2274,Small
2097,994361,2019,2608,Small
2098,994361,2020,1658,Small
2099,994762,2019,1073,Small
2100,994762,2020,350,Lesser than 1K
2101,995173,2019,1632,Small
2102,995173,2020,4920,Small
2103,999141,2019,3364,Small
2104,999141,2020,3619,Small
2105,999362,2019,3561,Small
2106,999362,2020,4331,Small
